CASE_ID,ACCIDENT_YEAR,PROC_DATE,JURIS,COLLISION_DATE,COLLISION_TIME,OFFICER_ID,REPORTING_DISTRICT,DAY_OF_WEEK,CHP_SHIFT,POPULATION,CNTY_CITY_LOC,SPECIAL_COND,BEAT_TYPE,CHP_BEAT_TYPE,CITY_DIVISION_LAPD,CHP_BEAT_CLASS,BEAT_NUMBER,PRIMARY_RD,SECONDARY_RD,DISTANCE,DIRECTION,INTERSECTION,WEATHER_1,WEATHER_2,STATE_HWY_IND,CALTRANS_COUNTY,CALTRANS_DISTRICT,STATE_ROUTE,ROUTE_SUFFIX,POSTMILE_PREFIX,POSTMILE,LOCATION_TYPE,RAMP_INTERSECTION,SIDE_OF_HWY,TOW_AWAY,COLLISION_SEVERITY,NUMBER_KILLED,NUMBER_INJURED,PARTY_COUNT,PRIMARY_COLL_FACTOR,PCF_CODE_OF_VIOL,PCF_VIOL_CATEGORY,PCF_VIOLATION,PCF_VIOL_SUBSECTION,HIT_AND_RUN,TYPE_OF_COLLISION,MVIW,PED_ACTION,ROAD_SURFACE,ROAD_COND_1,ROAD_COND_2,LIGHTING,CONTROL_DEVICE,CHP_ROAD_TYPE,PEDESTRIAN_ACCIDENT,BICYCLE_ACCIDENT,MOTORCYCLE_ACCIDENT,TRUCK_ACCIDENT,NOT_PRIVATE_PROPERTY,ALCOHOL_INVOLVED,STWD_VEHTYPE_AT_FAULT,CHP_VEHTYPE_AT_FAULT,COUNT_SEVERE_INJ,COUNT_VISIBLE_INJ,COUNT_COMPLAINT_PAIN,COUNT_PED_KILLED,COUNT_PED_INJURED,COUNT_BICYCLIST_KILLED,COUNT_BICYCLIST_INJURED,COUNT_MC_KILLED,COUNT_MC_INJURED,PRIMARY_RAMP,SECONDARY_RAMP,LATITUDE,LONGITUDE,COUNTY,CITY,POINT_X,POINT_Y
4751899,2011,5/24/12,4403,4/28/11,1101,841,224,4,5,4,4403,0,0,0,,0,2,WALKER ST,FORD ST,30,N,N,A,-,N,,,,,,,,,,Y,4,0,1,3,A,-,3,22350,,N,C,C,A,A,H,-,A,D,0,,,,,Y,,A,7,0,0,1,0,0,0,0,0,0,- ,- ,,,SANTA CRUZ,WATSONVILLE,-121.7666019,36.9111176
4756486,2011,7/11/12,4403,5/10/11,1831,1427,526,2,5,4,4403,0,0,0,,0,5,HOLM RD,ANNA ST,999,S,N,A,-,N,,,,,,,,,,Y,2,0,1,2,A,-,11,21954,A,F,G,B,E,A,H,-,A,D,0,Y,,,,Y,Y,N,60,1,0,0,0,1,0,0,0,0,- ,- ,,,SANTA CRUZ,WATSONVILLE,-121.787203,36.9230605
5042816,2011,3/10/12,4403,1/24/11,905,2424,27-May,1,5,4,4403,0,0,0,,0,5,AIRPORT BL,WESTGATE DR,0,,Y,A,-,N,,,,,,,,,,N,4,0,1,2,A,-,9,21801,A,N,B,C,A,A,H,-,A,A,0,,,,,Y,,A,7,0,0,1,0,0,0,0,0,0,- ,- ,,,SANTA CRUZ,WATSONVILLE,-121.79637,36.92558
5042868,2011,3/10/12,4403,1/31/11,1947,1427,29-Apr,1,5,4,4403,0,0,0,,0,4,GREEN VALLEY RD,LAWRENCE AV,0,,Y,B,-,N,,,,,,,,,,Y,4,0,1,2,A,-,1,23152,A,M,D,C,A,A,H,-,C,A,0,,,,,Y,Y,A,1,0,0,1,0,0,0,0,0,0,- ,- ,,,SANTA CRUZ,WATSONVILLE,-121.77948,36.92621
5043112,2011,3/27/12,4403,2/2/11,1500,1427,438,3,5,4,4403,0,0,0,,0,4,BLANCA LN,FREEDOM BL,0,,Y,A,-,N,,,,,,,,,,N,4,0,1,2,A,-,5,21202,A,N,D,G,A,A,H,-,A,A,0,,Y,,,Y,,L,4,0,0,1,0,0,0,1,0,0,- ,- ,,,SANTA CRUZ,WATSONVILLE,-121.76916,36.93124
5043137,2011,3/26/12,4403,2/1/11,1755,1427,539,2,5,4,4403,0,0,0,,0,5,AIRPORT BL,FREEDOM BL,208,W,N,A,-,N,,,,,,,,,,N,4,0,1,2,A,-,9,21804,A,M,D,C,A,A,H,-,C,A,0,,,,,Y,,A,1,0,0,1,0,0,0,0,0,0,- ,- ,,,SANTA CRUZ,WATSONVILLE,-121.7782354,36.93783427
5043145,2011,4/24/12,4403,2/2/11,851,303,110,3,5,4,4403,0,0,0,,0,1,RIVERSIDE DR,UNION ST,9,E,N,A,-,Y,SCR,5,129,-,-,0.07,H,-,W,N,4,0,1,2,A,-,10,21950,A,N,G,B,B,A,H,-,A,A,0,Y,,,,Y,,A,1,0,0,1,0,1,0,0,0,0,- ,- ,36.9078,-121.75243,SANTA CRUZ,WATSONVILLE,-121.7524239,36.90787353
5056660,2011,4/16/12,4403,2/6/11,849,5462,433,7,5,4,4403,0,0,0,,0,4,MILES LN,FREEDOM BL,356,W,N,A,-,N,,,,,,,,,,N,3,0,1,2,A,-,11,21954,A,N,G,B,D,A,H,-,A,D,0,Y,,,,Y,,N,60,0,1,0,0,1,0,0,0,0,- ,- ,,,SANTA CRUZ,WATSONVILLE,-121.7627508,36.92248367
5070186,2011,3/7/12,4403,1/6/11,1308,7128,107,4,5,4,4403,0,0,0,,0,1,FREEDOM BL,MAIN ST,100,E,N,A,-,N,,,,,,,,,,N,4,0,2,2,A,-,21,22106,,N,C,C,A,A,H,-,A,D,0,,,,,Y,,A,7,0,0,2,0,0,0,0,0,0,- ,- ,,,SANTA CRUZ,WATSONVILLE,-121.7624121,36.92401256
5070190,2011,3/7/12,4403,1/8/11,1054,7128,433,6,5,4,4403,0,0,0,,0,4,MARIN ST,SANTA CLARA ST,200,E,N,A,-,N,,,,,,,,,,Y,4,0,2,3,A,-,8,22107,,N,A,E,A,A,H,-,A,D,0,,,,,Y,,A,1,0,0,2,0,0,0,0,0,0,- ,- ,,,SANTA CRUZ,WATSONVILLE,-121.7657621,36.92238441
5070194,2011,3/8/12,4403,1/4/11,659,841,539,2,5,4,4403,0,0,0,,0,5,AIRPORT BL,HOLM RD,180,W,N,A,-,N,,,,,,,,,,Y,3,0,1,2,A,-,9,21804,A,N,D,C,A,A,H,-,B,D,0,,,,,Y,,A,1,0,1,0,0,0,0,0,0,0,- ,- ,,,SANTA CRUZ,WATSONVILLE,-121.7879595,36.93175356
5070202,2011,4/17/12,4403,1/5/11,1459,841,108,3,5,4,4403,0,0,0,,0,1,LAKE AV,UNION ST,0,,Y,A,-,Y,SCR,5,152,-,T,2.991,I,6,E,N,3,0,3,6,A,-,10,21950,A,N,G,B,B,A,H,-,A,A,0,Y,,,,Y,,D,22,0,2,1,0,3,0,0,0,0,- ,- ,,,SANTA CRUZ,WATSONVILLE,-121.756063,36.91085496
5075042,2011,3/21/12,4403,1/18/11,2024,7240,539,2,5,4,4403,0,0,0,,0,5,GREEN VALLEY RD,CAREY AV,0,,Y,A,-,N,,,,,,,,,,N,3,0,1,2,A,-,10,21950,A,N,G,B,B,A,H,-,E,D,0,Y,,,,Y,,D,22,0,1,0,0,1,0,0,0,0,- ,- ,,,SANTA CRUZ,WATSONVILLE,-121.7742,36.93419
5075062,2011,3/21/12,4403,1/18/11,1231,1427,526,2,5,4,4403,0,0,0,,0,5,GREEN VALLEY RD,MAIN ST,279,E,N,A,-,N,,,,,,,,,,N,4,0,1,2,A,-,3,22350,,N,C,C,A,A,H,-,A,A,0,,,,,Y,,A,1,0,0,1,0,0,0,0,0,0,- ,- ,,,SANTA CRUZ,WATSONVILLE,-121.7835974,36.91924214
5075861,2011,5/17/12,9720,1/27/11,1352,19790,,4,1,4,4403,0,1,3,,2,30,RT 1,HARKINS SLOUGH RD,792,N,N,A,-,Y,SCR,5,1,-,R,2.42,H,-,S,Y,3,0,1,1,A,-,8,22107,,N,E,I,A,A,H,-,A,D,1,,,,,Y,,A,1,0,1,0,0,0,0,0,0,0,- ,- ,36.916,-121.78842,SANTA CRUZ,WATSONVILLE,-121.7883561,36.91645326
5078177,2011,3/7/12,4403,1/29/11,1956,5695,539,6,5,4,4403,0,0,0,,0,5,GREEN VALLEY RD,CAREY AV,0,,Y,C,-,N,,,,,,,,,,N,4,0,1,2,A,-,9,21802,A,N,D,C,A,B,H,-,D,D,0,,,,,Y,,A,1,0,0,1,0,0,0,0,0,0,- ,- ,,,SANTA CRUZ,WATSONVILLE,-121.7742,36.93419
5078181,2011,3/7/12,4403,1/29/11,1432,7128,433,6,5,4,4403,0,0,0,,0,4,FREEDOM BL,CRESTVIEW DR,0,,Y,A,-,N,,,,,,,,,,N,4,0,1,2,A,-,12,21453,A,N,G,B,B,A,H,-,A,A,0,Y,,,,Y,,D,22,0,0,1,0,1,0,0,0,0,- ,- ,,,SANTA CRUZ,WATSONVILLE,-121.76458,36.92643
5084514,2011,4/14/12,4403,2/7/11,2031,343,224,1,5,4,4403,0,0,0,,0,2,PELICAN DR,KINGFISHER DR,150,W,N,A,-,N,,,,,,,,,,N,4,0,1,3,A,-,1,23152,B,N,C,C,A,A,H,-,C,D,0,,,,,Y,Y,A,7,0,0,1,0,0,0,0,0,0,- ,- ,,,SANTA CRUZ,WATSONVILLE,-121.7795312,36.9120064
5084538,2011,4/14/12,4403,2/11/11,1646,7128,434,5,5,4,4403,0,0,0,,0,4,SAN BENITO ST,ARTHUR RD,0,,Y,A,-,N,,,,,,,,,,N,4,0,1,2,A,-,10,21950,A,N,G,B,B,A,H,-,A,A,0,Y,,,,Y,,D,22,0,0,1,0,1,0,0,0,0,- ,- ,,,SANTA CRUZ,WATSONVILLE,-121.76828,36.92125
5087258,2011,4/13/12,4403,3/1/11,1644,6980,13-Jan,2,5,4,4403,0,0,0,,0,1,BLACKBURN ST,BRIDGE ST,0,,Y,A,-,N,,,,,,,,,,N,4,0,3,3,A,-,3,22350,,N,C,C,B,A,H,-,A,A,0,Y,,,,Y,,-,- ,0,0,3,0,1,0,0,0,0,- ,- ,,,SANTA CRUZ,WATSONVILLE,-121.74628,36.91238
5089590,2011,5/16/12,4403,3/17/11,1217,841,23-Feb,4,5,4,4403,0,0,0,,0,2,MAIN ST,RODRIGUEZ ST,0,,Y,A,-,Y,SCR,5,152,-,T,2.342,I,5,E,Y,4,0,1,2,A,-,4,21703,,N,C,C,A,A,H,-,A,A,0,,,,,Y,,D,22,0,0,1,0,0,0,0,0,0,- ,- ,,,SANTA CRUZ,WATSONVILLE,-121.764273,36.91524496
5089598,2011,5/16/12,4403,3/16/11,1146,303,9-Jan,3,5,4,4403,0,0,0,,0,1,LAKE AV,MAIN ST,0,,Y,B,-,Y,SCR,5,152,-,T,2.803,I,5,E,N,4,0,1,2,A,-,10,21950,A,N,G,B,B,A,H,-,A,A,0,Y,,,,Y,,D,22,0,0,1,0,1,0,0,0,0,- ,- ,,,SANTA CRUZ,WATSONVILLE,-121.758423,36.91159496
5094219,2011,4/24/12,4403,2/18/11,1511,7128,223,5,5,4,4403,0,0,0,,0,2,MAIN ST,RODRIGUEZ ST,100,N,N,C,-,Y,SCR,5,152,-,T,2.33,H,-,E,N,4,0,1,2,A,-,3,22350,,N,C,C,A,B,H,-,A,A,0,,,,,Y,,D,22,0,0,1,0,0,0,0,0,0,- ,- ,,,SANTA CRUZ,WATSONVILLE,-121.7644733,36.91528138
5094271,2011,4/23/12,4403,3/3/11,1644,7128,109,4,5,4,4403,0,0,0,,0,1,MAIN ST,2ND ST,100,S,N,A,-,N,,,,,,,,,,N,4,0,1,2,A,-,3,22350,,N,C,C,A,A,H,-,A,A,0,,,,,Y,,A,1,0,0,1,0,0,0,0,0,0,- ,- ,,,SANTA CRUZ,WATSONVILLE,-121.7554738,36.90896099
5098765,2011,7/6/12,4403,2/15/11,743,1564,16-Mar,2,5,4,4403,0,0,0,,0,3,LAKE AV,MARTINELLI ST,251,E,N,C,-,N,,,,,,,,,,N,3,0,1,3,A,-,3,22350,,N,C,C,A,B,H,-,A,A,0,,,,,Y,,D,22,0,1,0,0,0,0,0,0,0,- ,- ,,,SANTA CRUZ,WATSONVILLE,-121.7458962,36.92572789
5098797,2011,7/6/12,4403,2/28/11,1000,303,29-Apr,1,5,4,4403,0,0,0,,0,4,GREEN VALLEY RD,KRALJ DR,20,W,N,A,-,N,,,,,,,,,,N,4,0,2,3,A,-,4,21703,,N,C,C,A,A,D,-,A,A,0,,,,,Y,,D,22,0,0,2,0,0,0,0,0,0,- ,- ,,,SANTA CRUZ,WATSONVILLE,-121.7819022,36.92201528
5102640,2011,5/21/12,4403,3/21/11,1618,1427,223,1,5,4,4403,0,0,0,,0,2,MAIN ST,RODRIGUEZ ST,195,N,N,B,-,Y,SCR,5,152,-,T,2.38,H,-,W,N,4,0,1,2,A,-,3,22350,,N,C,C,A,A,H,-,A,A,0,,,,,Y,,A,1,0,0,1,0,0,0,0,0,0,- ,- ,,,SANTA CRUZ,WATSONVILLE,-121.7636004,36.91526832
5108935,2011,4/12/12,4403,2/26/11,2007,812,1,6,5,4,4403,0,0,0,,0,9,MAIN ST,PECK ST,10,N,N,A,-,N,,,,,,,,,,N,3,0,1,2,A,-,11,21950,B,N,G,B,B,A,H,-,C,A,0,Y,,,Y,Y,Y,N,60,0,1,0,0,1,0,0,0,0,- ,- ,,,SANTA CRUZ,WATSONVILLE,-121.756276,36.90968524
5113049,2011,5/16/12,4403,3/9/11,749,303,8-Jan,3,5,4,4403,0,0,0,,0,1,LAKE AV,CARR ST,0,,Y,A,-,Y,SCR,5,152,-,T,3.113,I,6,E,N,4,0,1,2,A,-,9,21802,A,N,D,G,A,A,H,-,A,A,0,,Y,,,Y,,A,1,0,0,1,0,0,0,1,0,0,- ,- ,,,SANTA CRUZ,WATSONVILLE,-121.754443,36.91204496
5123391,2011,4/27/12,4403,3/14/11,757,303,430,1,5,4,4403,0,0,0,,0,,HAMMER DR,CLIFFORD AV,0,,Y,B,C,N,,,,,,,,,,Y,4,0,1,2,A,-,9,21802,A,N,D,C,A,B,H,-,A,A,0,,,,,Y,,A,7,0,0,1,0,0,0,0,0,0,- ,- ,,,SANTA CRUZ,WATSONVILLE,-121.77509,36.9204
5123395,2011,7/10/12,4403,3/8/11,1456,1427,224,2,5,4,4403,0,0,0,,0,2,RIVERSIDE DR,MENKER ST,116,E,N,A,-,Y,SCR,5,129,-,L,1.27,H,-,W,Y,4,0,1,3,A,-,3,22350,,N,C,E,A,A,H,-,A,D,0,,,,,Y,,A,1,0,0,1,0,0,0,0,0,0,- ,- ,,,SANTA CRUZ,WATSONVILLE,-121.756683,36.90600405
5123416,2011,5/16/12,4403,3/16/11,1300,7128,223,3,5,4,4403,0,0,0,,0,2,MAIN ST,GREEN VALLEY RD,50,N,N,B,-,Y,SCR,5,152,-,T,1.21,H,-,E,N,4,0,1,2,A,-,3,22350,,N,C,C,A,A,H,-,A,A,0,,,,,Y,,A,1,0,0,1,0,0,0,0,0,0,- ,- ,,,SANTA CRUZ,WATSONVILLE,-121.7835882,36.91850284
5123435,2011,4/27/12,4403,3/13/11,1554,1427,402,7,5,4,4403,0,0,0,,0,4,FREEDOM BL,DAVIS AV,184,S,N,B,C,N,,,,,,,,,,Y,4,0,3,2,A,-,9,21804,A,N,D,C,A,B,H,-,A,D,0,,,,,Y,,A,8,0,0,3,0,0,0,0,0,0,- ,- ,,,SANTA CRUZ,WATSONVILLE,-121.7704598,36.93248354
5129856,2011,10/3/12,4403,4/2/11,1226,7128,113,6,5,4,4403,0,0,0,,0,1,BEACH ST,CARR ST,65,E,N,B,-,Y,SCR,5,152,-,T,3.12,H,-,E,Y,4,0,1,2,A,-,8,22107,,N,C,E,A,A,H,-,A,D,0,,,,,Y,,A,1,0,0,1,0,0,0,0,0,0,- ,- ,,,SANTA CRUZ,WATSONVILLE,-121.7543543,36.91211041
5142214,2011,5/3/12,4403,4/1/11,830,7931,May-39,5,5,4,4403,0,0,0,,0,5,GREEN VALLEY RD,FREEDOM BL,102,E,N,A,-,N,,,,,,,,,,N,4,0,1,4,A,-,21,22106,,N,C,C,A,A,H,-,A,A,0,,,,,Y,,A,1,0,0,1,0,0,0,0,0,0,- ,- ,,,SANTA CRUZ,WATSONVILLE,-121.7731411,36.93524047
5142218,2011,5/3/12,4403,4/9/11,1228,7128,May-39,6,5,4,4403,0,0,0,,0,5,AIRPORT BL,FREEDOM BL,600,E,N,A,-,N,,,,,,,,,,N,4,0,1,2,A,-,10,21950,A,N,G,B,C,A,H,-,A,A,0,Y,,,,Y,,A,1,0,0,1,0,1,0,0,0,0,- ,- ,,,SANTA CRUZ,WATSONVILLE,-121.7768471,36.93973943
5142836,2011,5/11/12,4403,4/11/11,1803,1427,224,1,5,4,4403,0,0,0,,0,2,WALKER ST,FORD ST,87,N,N,A,-,N,,,,,,,,,,N,4,0,1,2,A,-,3,22350,,N,C,C,A,A,H,-,A,D,0,,,,,Y,,A,1,0,0,1,0,0,0,0,0,0,- ,- ,,,SANTA CRUZ,WATSONVILLE,-121.766752,36.91121763
5154697,2011,6/28/12,4403,5/2/11,1739,1427,430,1,5,4,4403,0,0,0,,0,4,PENNSYLVANIA DR,CLIFFORD AV,0,,Y,A,-,N,,,,,,,,,,Y,4,0,2,2,A,-,1,23152,A,N,C,C,A,A,H,-,A,A,0,,,,,Y,Y,D,22,0,0,2,0,0,0,0,0,0,- ,- ,,,SANTA CRUZ,WATSONVILLE,-121.77478,36.92257
5156485,2011,6/27/12,4403,5/6/11,1708,7128,525,5,5,4,4403,0,0,0,,0,5,HANGAR WY,NIELSON ST,0,,Y,A,-,N,,,,,,,,,,Y,4,0,1,2,A,-,3,22350,,N,B,C,A,A,H,-,A,D,0,,,Y,,Y,,C,2,0,0,1,0,0,0,0,0,1,- ,- ,,,SANTA CRUZ,WATSONVILLE,-121.79095,36.92833
5160769,2011,6/13/12,4403,5/4/11,1035,1427,107,3,5,4,4403,0,0,0,,0,1,SUDDEN ST,PALM AV,0,,Y,A,-,N,,,,,,,,,,N,4,0,1,2,A,-,9,21800,C,N,D,C,A,A,H,-,A,A,0,,,,,Y,,A,1,0,0,1,0,0,0,0,0,0,- ,- ,,,SANTA CRUZ,WATSONVILLE,-121.75848,36.9166
5160773,2011,10/2/12,4403,5/6/11,1851,7128,109,5,5,4,4403,0,0,0,,0,1,MAIN ST,2ND ST,100,N,N,A,-,N,,,,,,,,,,N,3,0,1,2,A,-,8,22100,A,N,D,G,A,A,H,-,A,D,0,,Y,,,Y,,A,1,0,1,0,0,0,0,1,0,0,- ,- ,,,SANTA CRUZ,WATSONVILLE,-121.7559295,36.90937086
5163180,2011,10/3/12,4403,5/20/11,1749,7128,220,5,5,4,4403,0,0,0,,0,2,MAIN ST,FORD ST,50,N,N,A,-,Y,SCR,5,152,-,T,2.54,H,-,E,N,4,0,1,2,A,-,3,22350,,N,C,C,A,A,H,-,A,A,0,,,,,Y,,D,22,0,0,1,0,0,0,0,0,0,- ,- ,,,SANTA CRUZ,WATSONVILLE,-121.7609014,36.91446983
5165472,2011,5/25/12,4403,4/11/11,903,303,306,1,5,4,4403,0,0,0,,0,3,FREEDOM BL,MILES LN,0,,Y,A,-,N,,,,,,,,,,Y,4,0,1,1,C,-,18,,,N,E,I,A,A,H,-,A,D,0,,,,,Y,,-,- ,0,0,1,0,0,0,0,0,0,- ,- ,,,SANTA CRUZ,WATSONVILLE,-121.76163,36.92288
5165476,2011,5/25/12,4403,4/3/11,1843,1427,527,7,5,4,4403,0,0,0,,0,5,FREEDOM BL,COMPTON TER,0,,Y,A,-,N,,,,,,,,,,Y,3,0,1,2,A,-,9,21801,A,N,D,C,A,A,H,-,A,D,0,,,Y,,Y,,A,1,0,1,0,0,0,0,0,0,1,- ,- ,,,SANTA CRUZ,WATSONVILLE,-121.781,36.94001
5169257,2011,5/21/12,4403,4/30/11,1228,7128,2-Apr,6,5,4,4403,0,0,0,,0,4,FREEDOM BL,BLANCA LN,100,N,N,A,-,N,,,,,,,,,,N,4,0,1,3,A,-,21,22106,,N,C,C,A,A,H,-,A,D,0,,,,,Y,,D,22,0,0,1,0,0,0,0,0,0,- ,- ,,,SANTA CRUZ,WATSONVILLE,-121.7693872,36.93145919
5175698,2011,5/23/12,4403,4/12/11,1705,1427,223,2,5,4,4403,0,0,0,,0,2,GREEN VALLEY RD,QUIET MEADOW DR,120,E,N,A,-,N,,,,,,,,,,Y,4,0,1,1,A,-,3,22350,,N,E,I,A,A,H,-,A,A,0,,,,,Y,,A,1,0,0,1,0,0,0,0,0,0,- ,- ,,,SANTA CRUZ,WATSONVILLE,-121.7844769,36.91712892
5180369,2011,5/10/12,4403,4/19/11,750,841,525,2,5,4,4403,0,0,0,,0,5,GREEN VALLEY RD,GREEN MEADOW DR,0,,Y,A,-,N,,,,,,,,,,N,4,0,1,2,D,-,0,,,N,D,G,A,A,H,-,A,A,0,,Y,,,Y,,-,- ,0,0,1,0,0,0,1,0,0,- ,- ,,,SANTA CRUZ,WATSONVILLE,-121.78454,36.9168
5192582,2011,7/2/12,4403,5/22/11,2313,5348,36,7,5,4,4403,0,0,0,,0,3,STANFORD ST,FREEDOM BL,0,,Y,A,-,N,,,,,,,,,,Y,2,0,2,2,A,-,1,23152,A,N,A,C,A,A,H,-,C,A,0,,,,,Y,Y,A,1,1,0,1,0,0,0,0,0,0,- ,- ,,,SANTA CRUZ,WATSONVILLE,-121.76073,36.92034
5192598,2011,7/9/12,4403,5/24/11,740,9952,429,2,5,4,4403,0,0,0,,0,4,GREEN VALLEY RD,LAWRENCE AV,13,N,N,A,-,N,,,,,,,,,,N,3,0,1,2,A,-,10,21950,A,N,G,B,B,A,H,-,A,A,0,Y,,,,Y,Y,A,7,0,1,0,0,1,0,0,0,0,- ,- ,,,SANTA CRUZ,WATSONVILLE,-121.7794737,36.92624713
5210398,2011,5/29/12,4403,4/29/11,2156,1564,3-Apr,5,5,4,4403,0,0,0,,0,4,KADDERLY LN,ATKINSON LN,129,N,N,A,-,N,,,,,,,,,,N,2,0,1,3,A,-,8,22107,,F,G,B,E,A,H,-,C,D,0,Y,,,,Y,,-,99,1,0,0,0,1,0,0,0,0,- ,- ,,,SANTA CRUZ,WATSONVILLE,-121.7644428,36.93305225
5210490,2011,8/10/12,4403,5/13/11,1454,7128,7-Jan,5,5,4,4403,0,0,0,,0,1,CALIFORNIA ST,LINCOLN ST,100,W,N,A,-,N,,,,,,,,,,N,3,0,1,2,A,-,9,21804,A,N,D,G,A,A,H,-,A,D,0,,Y,,,Y,,A,1,0,1,0,0,0,0,1,0,0,- ,- ,,,SANTA CRUZ,WATSONVILLE,-121.7573047,36.91860903
5210555,2011,7/31/12,4403,5/19/11,1639,7128,113,4,5,4,4403,0,0,0,,0,1,BLACKBURN ST,BLACKBURN CT,300,N,N,A,-,N,,,,,,,,,,N,3,0,1,2,A,-,8,22107,,N,B,G,A,A,H,-,A,D,0,,Y,,,Y,,L,4,0,1,0,0,0,0,1,0,0,- ,- ,,,SANTA CRUZ,WATSONVILLE,-121.747817,36.91377942
5212358,2011,5/8/12,4403,4/5/11,902,5348,438,2,5,4,4403,0,0,0,,0,4,CLIFFORD AV,FREEDOM BL,92,W,N,A,-,N,,,,,,,,,,N,4,0,1,2,A,-,9,21804,A,N,B,C,A,A,H,-,A,D,0,,,,,Y,,A,8,0,0,1,0,0,0,0,0,0,- ,- ,,,SANTA CRUZ,WATSONVILLE,-121.7684025,36.93008198
5217825,2011,11/20/12,4403,6/24/11,1428,7128,314,5,5,4,4403,0,0,0,,0,3,LAKE AV,BREWINGTON AV,30,W,N,A,-,Y,SCR,5,152,-,-,0.63,H,-,E,Y,4,0,2,2,A,-,3,22350,,N,C,C,A,A,H,-,A,D,0,,,,,Y,,A,7,0,0,2,0,0,0,0,0,0,- ,- ,,,SANTA CRUZ,WATSONVILLE,-121.7504476,36.91740675
5222594,2011,9/6/12,4403,6/28/11,1944,1427,107,2,5,4,4403,0,0,0,,0,1,JEFFERSON ST,PALM AV,0,,Y,B,C,N,,,,,,,,,,N,4,0,1,2,A,-,9,21800,B,N,D,C,A,B,H,-,A,D,0,,,,,Y,,A,1,0,0,1,0,0,0,0,0,0,- ,- ,,,SANTA CRUZ,WATSONVILLE,-121.75734,36.91724
5222598,2011,9/6/12,4403,6/29/11,829,841,224,3,5,4,4403,0,0,0,,0,2,WALKER ST,FORD ST,0,,Y,A,-,N,,,,,,,,,,Y,4,0,1,2,A,-,9,21802,A,N,D,C,A,A,H,-,A,A,0,,,,,Y,,A,7,0,0,1,0,0,0,0,0,0,- ,- ,,,SANTA CRUZ,WATSONVILLE,-121.76651,36.91106
5222606,2011,9/6/12,4403,6/26/11,2156,6980,539,7,5,4,4403,0,0,0,,0,5,GREEN VALLEY RD,STEWART AV,0,,Y,A,-,N,,,,,,,,,,Y,4,0,1,2,A,-,9,21802,A,M,D,C,A,A,H,-,C,A,0,,,,,Y,,A,1,0,0,1,0,0,0,0,0,0,- ,- ,,,SANTA CRUZ,WATSONVILLE,-121.77188,36.9369
5222610,2011,9/6/12,4403,6/12/11,148,8919,113,7,5,4,4403,0,0,0,,0,1,BLACKBURN ST,BRIDGE ST,335,N,N,A,-,N,,,,,,,,,,Y,4,0,1,2,A,-,8,22107,,N,D,E,A,A,H,-,C,D,0,,,,,Y,Y,A,1,0,0,1,0,0,0,0,0,0,- ,- ,,,SANTA CRUZ,WATSONVILLE,-121.7470426,36.91308109
5222614,2011,12/28/12,4403,6/28/11,1333,303,108,2,5,4,4403,0,0,0,,0,1,UNION ST,LAKE AV,60,S,N,B,-,Y,SCR,5,152,-,T,3.049,I,6,W,N,4,0,1,4,A,-,3,22350,,M,C,C,A,A,H,-,A,A,0,,,,,Y,,A,8,0,0,1,0,0,0,0,0,0,- ,- ,,,SANTA CRUZ,WATSONVILLE,-121.757003,36.91263496
5226546,2011,10/23/12,4403,6/14/11,1723,1427,6-Mar,2,5,4,4403,0,0,0,,0,3,FREEDOM BL,MILES LN,0,,Y,A,-,N,,,,,,,,,,N,3,0,1,2,A,-,5,21202,A,N,D,G,A,A,H,-,A,D,0,,Y,,,Y,,L,4,0,1,0,0,0,0,1,0,0,- ,- ,,,SANTA CRUZ,WATSONVILLE,-121.76163,36.92288
5226550,2011,11/20/12,4403,6/12/11,1744,1427,16-Mar,7,5,4,4403,0,0,0,,0,3,LAKE AV,MARTINELLI ST,413,W,N,A,-,Y,SCR,5,152,-,-,1.14,H,-,E,Y,4,0,1,2,A,-,9,21804,A,N,B,C,A,A,H,-,A,D,0,,,,,Y,,A,1,0,0,1,0,0,0,0,0,0,- ,- ,,,SANTA CRUZ,WATSONVILLE,-121.7465155,36.92376531
5226554,2011,11/20/12,4403,6/7/11,2047,5148,12-Jan,2,5,4,4403,0,0,0,,0,1,RIVERSIDE DR,MARCHANT ST,8,W,N,A,-,Y,SCR,5,129,-,-,0.22,H,-,W,N,3,0,1,2,A,-,10,21950,A,N,G,B,B,A,H,-,B,A,0,Y,,,,Y,,A,1,0,1,0,0,1,0,0,0,0,- ,- ,,,SANTA CRUZ,WATSONVILLE,-121.7504574,36.90936716
5227621,2011,10/18/12,4403,6/2/11,751,303,430,4,5,4,4403,0,0,0,,0,4,PENNSYLVANIA DR,HAMMER DR,0,,Y,A,-,N,,,,,,,,,,N,4,0,1,2,A,-,9,21800,A,N,D,C,A,A,H,-,A,A,0,,,,,Y,,A,1,0,0,1,0,0,0,0,0,0,- ,- ,,,SANTA CRUZ,WATSONVILLE,-121.77271,36.92055